46	hashtags.keyword_BrowserSec
46	hashtags.keyword_BrowserSec
46	hashtags.keyword_BrowserSec
46	hashtags.keyword_BrowserSec
46	hashtags.keyword_BrowserSec
46	hashtags.keyword_BrowserSec
46	hashtags.keyword_BrowserSec
46	hashtags.keyword_BrowserSec
46	hashtags.keyword_BrowserSec
46	hashtags.keyword_BrowserSec
54	hashtags.keyword_CERT
54	hashtags.keyword_CERT
54	hashtags.keyword_CERT
54	hashtags.keyword_CERT
54	hashtags.keyword_CERT
54	hashtags.keyword_CERT
54	hashtags.keyword_CERT
54	hashtags.keyword_CERT
54	hashtags.keyword_CERT
54	hashtags.keyword_CERT
33	hashtags.keyword_Attack
33	hashtags.keyword_Attack
33	hashtags.keyword_Attack
33	hashtags.keyword_Attack
33	hashtags.keyword_Attack
33	hashtags.keyword_Attack
33	hashtags.keyword_Attack
33	hashtags.keyword_Attack
33	hashtags.keyword_Attack
33	hashtags.keyword_Attack
24	hashtags.keyword_Analysis
24	hashtags.keyword_Analysis
24	hashtags.keyword_Analysis
24	hashtags.keyword_Analysis
24	hashtags.keyword_Analysis
24	hashtags.keyword_Analysis
24	hashtags.keyword_Analysis
24	hashtags.keyword_Analysis
24	hashtags.keyword_Analysis
24	hashtags.keyword_Analysis
44	hashtags.keyword_Boa_WebServer
44	hashtags.keyword_Boa_WebServer
44	hashtags.keyword_Boa_WebServer
44	hashtags.keyword_Boa_WebServer
44	hashtags.keyword_Boa_WebServer
44	hashtags.keyword_Boa_WebServer
44	hashtags.keyword_Boa_WebServer
44	hashtags.keyword_Boa_WebServer
44	hashtags.keyword_Boa_WebServer
44	hashtags.keyword_Boa_WebServer
54	hashtags.keyword_CERT
54	hashtags.keyword_CERT
54	hashtags.keyword_CERT
54	hashtags.keyword_CERT
54	hashtags.keyword_CERT
54	hashtags.keyword_CERT
54	hashtags.keyword_CERT
54	hashtags.keyword_CERT
54	hashtags.keyword_CERT
54	hashtags.keyword_CERT
28	hashtags.keyword_ApacheStruts
28	hashtags.keyword_ApacheStruts
28	hashtags.keyword_ApacheStruts
28	hashtags.keyword_ApacheStruts
28	hashtags.keyword_ApacheStruts
28	hashtags.keyword_ApacheStruts
28	hashtags.keyword_ApacheStruts
28	hashtags.keyword_ApacheStruts
28	hashtags.keyword_ApacheStruts
28	hashtags.keyword_ApacheStruts
7	hashtags.keyword_9milliondownloads
7	hashtags.keyword_9milliondownloads
7	hashtags.keyword_9milliondownloads
7	hashtags.keyword_9milliondownloads
7	hashtags.keyword_9milliondownloads
7	hashtags.keyword_9milliondownloads
7	hashtags.keyword_9milliondownloads
7	hashtags.keyword_9milliondownloads
7	hashtags.keyword_9milliondownloads
7	hashtags.keyword_9milliondownloads
50	hashtags.keyword_Bugtraq
50	hashtags.keyword_Bugtraq
50	hashtags.keyword_Bugtraq
50	hashtags.keyword_Bugtraq
50	hashtags.keyword_Bugtraq
50	hashtags.keyword_Bugtraq
50	hashtags.keyword_Bugtraq
50	hashtags.keyword_Bugtraq
50	hashtags.keyword_Bugtraq
50	hashtags.keyword_Bugtraq
58	hashtags.keyword_CISO
58	hashtags.keyword_CISO
58	hashtags.keyword_CISO
58	hashtags.keyword_CISO
58	hashtags.keyword_CISO
58	hashtags.keyword_CISO
58	hashtags.keyword_CISO
58	hashtags.keyword_CISO
58	hashtags.keyword_CISO
58	hashtags.keyword_CISO
