200	hashtags.keyword_KernelCare
200	hashtags.keyword_KernelCare
200	hashtags.keyword_KernelCare
200	hashtags.keyword_KernelCare
200	hashtags.keyword_KernelCare
201	hashtags.keyword_KernelDriver
201	hashtags.keyword_KernelDriver
201	hashtags.keyword_KernelDriver
201	hashtags.keyword_KernelDriver
201	hashtags.keyword_KernelDriver
202	hashtags.keyword_Knowledge
202	hashtags.keyword_Knowledge
202	hashtags.keyword_Knowledge
202	hashtags.keyword_Knowledge
202	hashtags.keyword_Knowledge
203	hashtags.keyword_LATENTBOT
203	hashtags.keyword_LATENTBOT
203	hashtags.keyword_LATENTBOT
203	hashtags.keyword_LATENTBOT
203	hashtags.keyword_LATENTBOT
204	hashtags.keyword_LUKS
204	hashtags.keyword_LUKS
204	hashtags.keyword_LUKS
204	hashtags.keyword_LUKS
204	hashtags.keyword_LUKS
205	hashtags.keyword_LibTIFF
205	hashtags.keyword_LibTIFF
205	hashtags.keyword_LibTIFF
205	hashtags.keyword_LibTIFF
205	hashtags.keyword_LibTIFF
206	hashtags.keyword_Linu
206	hashtags.keyword_Linu
206	hashtags.keyword_Linu
206	hashtags.keyword_Linu
206	hashtags.keyword_Linu
207	hashtags.keyword_Linus
207	hashtags.keyword_Linus
207	hashtags.keyword_Linus
207	hashtags.keyword_Linus
207	hashtags.keyword_Linus
208	hashtags.keyword_Linux
208	hashtags.keyword_Linux
208	hashtags.keyword_Linux
208	hashtags.keyword_Linux
208	hashtags.keyword_Linux
209	hashtags.keyword_Luks
209	hashtags.keyword_Luks
209	hashtags.keyword_Luks
209	hashtags.keyword_Luks
209	hashtags.keyword_Luks
