350	hashtags.keyword_VULN
350	hashtags.keyword_VULN
350	hashtags.keyword_VULN
350	hashtags.keyword_VULN
350	hashtags.keyword_VULN
351	hashtags.keyword_Vapt
351	hashtags.keyword_Vapt
351	hashtags.keyword_Vapt
351	hashtags.keyword_Vapt
351	hashtags.keyword_Vapt
352	hashtags.keyword_Vim
352	hashtags.keyword_Vim
352	hashtags.keyword_Vim
352	hashtags.keyword_Vim
352	hashtags.keyword_Vim
353	hashtags.keyword_VirtualBox
353	hashtags.keyword_VirtualBox
353	hashtags.keyword_VirtualBox
353	hashtags.keyword_VirtualBox
353	hashtags.keyword_VirtualBox
354	hashtags.keyword_Virus
354	hashtags.keyword_Virus
354	hashtags.keyword_Virus
354	hashtags.keyword_Virus
354	hashtags.keyword_Virus
